{
  "anger": 0.4055447087568395,
  "sad": 0,
  "happy": 0.35546451456406536
}
